label_name,train,val,test
anger,0.13702623906705538,0.1360544217687075,0.14189189189189189
contempt,0.05539358600583091,0.05442176870748299,0.05405405405405406
disgust,0.18075801749271136,0.17687074829931973,0.18243243243243243
fear,0.07580174927113703,0.08163265306122448,0.07432432432432433
happy,0.21137026239067055,0.2108843537414966,0.20945945945945946
sadness,0.08600583090379009,0.08843537414965986,0.08108108108108109
surprise,0.2536443148688047,0.25170068027210885,0.25675675675675674
